<?xml version="1.0" encoding="ISO-8859-1"?>
<metadata>
<idinfo>
<citation>
<citeinfo>
<origin>TrueWind Solutions/ NREL</origin>
<pubdate>20031215</pubdate>
<title>Colorado 50 Meter Wind</title>
<geoform>model</geoform>
<pubinfo>
<pubplace>Golden, Colorado USA</pubplace>
<publish>National Renewable Energy Laboratory</publish>
</pubinfo>
</citeinfo>
</citation>
<descript>
<abstract>Annual average wind resource potential for the state of Colorado, United States at a 50 merter height.</abstract>
<purpose>Provide information on the wind resource potential for the state of Colorado.</purpose>
<supplinf>This data set has been validated by NREL and wind energy meteorological consultants.  However, the data is not suitable for micro-siting potential development projects.  This shapefile was generated from a raster dataset with a 200 m resolution, in a UTM zone 13, datum WGS 84 projection system.</supplinf>
</descript>
<timeperd>
<timeinfo>
<rngdates>
<begdate></begdate>
<enddate></enddate>
</rngdates>
</timeinfo>
<current>publication date</current>
</timeperd>
<status>
<progress>Complete</progress>
<update>None planned</update>
</status>
<spdom>
<bounding>
<westbc>-109.156966</westbc>
<eastbc>-101.5233</eastbc>
<northbc>41.33472</northbc>
<southbc>36.679098</southbc>
</bounding>
</spdom>
<keywords>
<theme>
<themekt>none</themekt>
<themekey>wind potential</themekey>
<themekey>wind resource</themekey>
</theme>
<place>
<placekt>none</placekt>
<placekey>Colorado</placekey>
</place>
<temporal>
<tempkt>none</tempkt>
<tempkey>annual</tempkey>
<tempkey>monthly</tempkey>
</temporal>
</keywords>
<accconst>None.</accconst>
<useconst>
This GIS data was developed by the National Renewable Energy Laboratory (&quot;NREL&quot;), which is operated by the Midwest Research Institute for the U.S. Department of Energy (&quot;DOE&quot;). The user is granted the right, without any fee or cost, to use, copy, modify, alter, enhance and distribute this data for any purpose whatsoever, provided that this entire notice appears in all copies of the data. Further, the user of this data agrees to credit NREL in any publications or software that incorporate or use the data.

Access to and use of the GIS data shall further impose the following obligations on the User. The names DOE/NREL may not be used in any advertising or publicity to endorse or promote any product or commercial entity using or incorporating the GIS data unless specific written authorization is obtained from DOE/NREL. The User also understands that DOE/NREL shall not be obligated to provide updates, support, consulting, training or assistance of any kind whatsoever with regard to the use of the GIS data.

THE GIS DATA IS PROVIDED &quot;AS IS&quot; AND ANY EXPRESS OR IMPLIED WARRANTIES, INCLUDING BUT NOT LIMITED TO, THE IMPLIED WARRANTIES OF MERCHANTABILITY AND FITNESS FOR A PARTICULAR PURPOSE ARE DISCLAIMED. IN NO EVENT SHALL DOE/NREL BE LIABLE FOR ANY SPECIAL, INDIRECT OR CONSEQUENTIAL DAMAGES OR ANY DAMAGES WHATSOEVER, INCLUDING BUT NOT LIMITED TO CLAIMS ASSOCIATED WITH THE LOSS OF DATA OR PROFITS, WHICH MAY RESULT FROM AN ACTION IN CONTRACT, NEGLIGENCE OR OTHER TORTIOUS CLAIM THAT ARISES OUT OF OR IN CONNECTION WITH THE ACCESS OR USE OF THE GIS DATA.

The User acknowledges that access to the GIS data is subject to U.S. Export laws and regulations and any use or transfer of the GIS data must be authorized under those regulations. The User shall not use, distribute, transfer, or transmit GIS data or any products incorporating the GIS data except in compliance with U.S. export regulations. If requested by DOE/NREL, the User agrees to sign written assurances and other export-related documentation as may be required to comply with U.S. export regulations.
</useconst>
</idinfo>
<spdoinfo>
<direct>Vector</direct>
</spdoinfo>
<distinfo>
<distrib>
<cntinfo>
<cntperp>
<cntper>Donna Heimiller</cntper>
<cntorg>National Renewable Energy Labratory</cntorg>
</cntperp>
<cntaddr>
<addrtype>Mailing and Physical Address</addrtype>
<address>1617 Cole Blvd.</address>
<city>Golden</city>
<state>Colorado</state>
<postal>80401</postal>
<country>USA</country>
</cntaddr>
<cntvoice>303-275-4669</cntvoice>
<cntfax>303-384-6901</cntfax>
<cntemail>donna_heimiller@nrel.gov</cntemail>
</cntinfo>
</distrib>
<resdesc>Downloadable Data</resdesc>
<distliab>
This GIS data was developed by the National Renewable Energy Laboratory (&quot;NREL&quot;), which is operated by the Midwest Research Institute for the U.S. Department of Energy (&quot;DOE&quot;). The user is granted the right, without any fee or cost, to use, copy, modify, alter, enhance and distribute this data for any purpose whatsoever, provided that this entire notice appears in all copies of the data. Further, the user of this data agrees to credit NREL in any publications or software that incorporate or use the data.

Access to and use of the GIS data shall further impose the following obligations on the User. The names DOE/NREL may not be used in any advertising or publicity to endorse or promote any product or commercial entity using or incorporating the GIS data unless specific written authorization is obtained from DOE/NREL. The User also understands that DOE/NREL shall not be obligated to provide updates, support, consulting, training or assistance of any kind whatsoever with regard to the use of the GIS data.

THE GIS DATA IS PROVIDED &quot;AS IS&quot; AND ANY EXPRESS OR IMPLIED WARRANTIES, INCLUDING BUT NOT LIMITED TO, THE IMPLIED WARRANTIES OF MERCHANTABILITY AND FITNESS FOR A PARTICULAR PURPOSE ARE DISCLAIMED. IN NO EVENT SHALL DOE/NREL BE LIABLE FOR ANY SPECIAL, INDIRECT OR CONSEQUENTIAL DAMAGES OR ANY DAMAGES WHATSOEVER, INCLUDING BUT NOT LIMITED TO CLAIMS ASSOCIATED WITH THE LOSS OF DATA OR PROFITS, WHICH MAY RESULT FROM AN ACTION IN CONTRACT, NEGLIGENCE OR OTHER TORTIOUS CLAIM THAT ARISES OUT OF OR IN CONNECTION WITH THE ACCESS OR USE OF THE GIS DATA.

The User acknowledges that access to the GIS data is subject to U.S. Export laws and regulations and any use or transfer of the GIS data must be authorized under those regulations. The User shall not use, distribute, transfer, or transmit GIS data or any products incorporating the GIS data except in compliance with U.S. export regulations. If requested by DOE/NREL, the User agrees to sign written assurances and other export-related documentation as may be required to comply with U.S. export regulations.
</distliab>
</distinfo>
<metainfo>
<metd>20031215</metd>
<metc>
<cntinfo>
<cntperp>
<cntper>Michael Menand</cntper>
<cntorg>National Renewable Energy Labratory</cntorg>
</cntperp>
<cntaddr>
<addrtype>Mailing and Physical Address</addrtype>
<address>1617 Cole Blvd.</address>
<city>Golden</city>
<state>Colorado</state>
<postal>80401</postal>
<country>USA</country>
</cntaddr>
<cntvoice>303-275-4623</cntvoice>
</cntinfo>
</metc>
<metstdn>FGDC Content Standards for Digital Geospatial Metadata</metstdn>
<metstdv>FGDC-STD-001-1998</metstdv>
</metainfo>
</metadata>
