<?xml version="1.0" encoding="ISO-8859-1"?>
<metadata>
	<idinfo>
		<citation>
			<citeinfo>
				<origin>AWS TrueWind/NREL</origin>
				<title>Colorado Wind Resource at 50 Meters Above Ground Level</title>
				<geoform Sync="TRUE">vector digital data</geoform>
				<ftname Sync="TRUE">Colorado_50mWind</ftname><onlink Sync="TRUE">\\PGRAY-12799S\C$\Documents and Settings\PGray\Desktop\GISdatazipfiles\Wind_Data\extracted_wind\Colorado_50mWind.shp</onlink><pubdate>December 2003</pubdate></citeinfo>
		</citation>
		<descript>
			<abstract>Annual average wind resource potential for the state of Colorado, United States at a 50 meter height.</abstract>
			<purpose>Provide information on the wind resource potential for the state of Colorado.</purpose>
			<supplinf>This data set has been validated by NREL and wind energy meteorological consultants.  However, the data is not suitable for micro-siting potential development projects.  This shapefile was generated from a raster dataset with a 200 m resolution, in a UTM zone 12, datum WGS 84 projection system.</supplinf>
			<langdata Sync="TRUE">en</langdata></descript>
		<timeperd>
			<timeinfo>
				<sngdate><caldate>December 2003</caldate></sngdate></timeinfo>
			<current>publication date</current>
		</timeperd>
		<status>
			<progress>Complete</progress>
			<update>None planned</update>
		</status>
		<spdom>
			<bounding>
				<westbc Sync="TRUE">-109.060257</westbc>
				<eastbc Sync="TRUE">-102.041486</eastbc>
				<northbc Sync="TRUE">41.003445</northbc>
				<southbc Sync="TRUE">36.992427</southbc>
			</bounding>
			<lboundng><leftbc Sync="TRUE">-109.060257</leftbc><rightbc Sync="TRUE">-102.041486</rightbc><bottombc Sync="TRUE">36.992427</bottombc><topbc Sync="TRUE">41.003445</topbc></lboundng></spdom>
		<keywords>
			<theme>
				<themekey>wind</themekey>
				<themekey>wind resource</themekey>
				<themekt>none.</themekt><themekey>wind resource</themekey></theme>
			<place>
				<placekey>Colorado</placekey>
				<placekt>none.</placekt></place>
			<temporal>
				<tempkey>annual</tempkey>
			</temporal>
		</keywords>
		<accconst>None.</accconst>
		<useconst>This GIS data was developed by the National Renewable Energy Laboratory ("NREL"), which is operated by the Alliance for Sustainable Energy, LLC  for the U.S. Department of Energy ("DOE"). The user is granted the right, without any fee or cost, to use, copy, modify, alter, enhance and distribute this data for any purpose whatsoever, provided that this entire notice appears in all copies of the data. Further, the user of this data agrees to credit NREL in any publications or software that incorporate or use the data. 

Access to and use of the GIS data shall further impose the following obligations on the User. The names DOE/NREL may not be used in any advertising or publicity to endorse or promote any product or commercial entity using or incorporating the GIS data unless specific written authorization is obtained from DOE/NREL. The User also understands that DOE/NREL shall not be obligated to provide updates, support, consulting, training or assistance of any kind whatsoever with regard to the use of the GIS data. 

THE GIS DATA IS PROVIDED "AS IS" AND ANY EXPRESS OR IMPLIED WARRANTIES, INCLUDING BUT NOT LIMITED TO, THE IMPLIED WARRANTIES OF MERCHANTABILITY AND FITNESS FOR A PARTICULAR PURPOSE ARE DISCLAIMED. IN NO EVENT SHALL DOE/NREL BE LIABLE FOR ANY SPECIAL, INDIRECT OR CONSEQUENTIAL DAMAGES OR ANY DAMAGES WHATSOEVER, INCLUDING BUT NOT LIMITED TO CLAIMS ASSOCIATED WITH THE LOSS OF DATA OR PROFITS, WHICH MAY RESULT FROM AN ACTION IN CONTRACT, NEGLIGENCE OR OTHER TORTIOUS CLAIM THAT ARISES OUT OF OR IN CONNECTION WITH THE ACCESS OR USE OF THE GIS DATA. 

The User acknowledges that access to the GIS data is subject to U.S. Export laws and regulations and any use or transfer of the GIS data must be authorized under those regulations. The User shall not use, distribute, transfer, or transmit GIS data or any products incorporating the GIS data except in compliance with U.S. export regulations. If requested by DOE/NREL, the User agrees to sign written assurances and other export-related documentation as may be required to comply with U.S. export regulations.</useconst>
		<native Sync="TRUE">Microsoft Windows XP Version 5.1 (Build 2600) Service Pack 3; ESRI ArcCatalog 9.3.0.1770</native><natvform Sync="TRUE">Shapefile</natvform><ptcontac><cntinfo><cntperp><cntper>Donna Heimiller</cntper><cntorg>National Renewable Energy Laboratory</cntorg></cntperp><cntpos>Scientist II (GIS)</cntpos><cntaddr><addrtype>mailing address</addrtype><address>1617 Cole Blvd.</address><city>Golden </city><state>Colorado</state><postal>80401</postal><country>USA</country></cntaddr><cntvoice>303-275-4669</cntvoice><cntfax>303-384-6901</cntfax><cntemail>donna.heimiller@nrel.gov</cntemail></cntinfo></ptcontac></idinfo>
	<spdoinfo>
		<direct Sync="TRUE">Vector</direct>
		<ptvctinf><esriterm Name="Colorado_50mWind"><efeatyp Sync="TRUE">Simple</efeatyp><efeageom Sync="TRUE">Polygon</efeageom><esritopo Sync="TRUE">FALSE</esritopo><efeacnt Sync="TRUE">159846</efeacnt><spindex Sync="TRUE">FALSE</spindex><linrefer Sync="TRUE">FALSE</linrefer></esriterm><sdtsterm Name="Colorado_50mWind"><sdtstype Sync="TRUE">G-polygon</sdtstype><ptvctcnt Sync="TRUE">159846</ptvctcnt></sdtsterm></ptvctinf></spdoinfo>
	<distinfo>
		<distrib>
			<cntinfo>
				<cntperp>
					<cntper>Donna Heimiller</cntper>
					<cntorg>National Renewable Energy Labratory</cntorg>
				</cntperp>
				<cntaddr>
					<addrtype>Mailing and Physical Address</addrtype>
					<address>1617 Cole Blvd.</address>
					<city>Golden</city>
					<state>Colorado</state>
					<postal>80401</postal>
					<country>USA</country>
				</cntaddr>
				<cntvoice>303-275-4669</cntvoice>
				<cntfax>303-384-6901</cntfax>
				<cntemail>donna_heimiller@nrel.gov</cntemail>
			</cntinfo>
		</distrib>
		<resdesc Sync="TRUE">Downloadable Data</resdesc><stdorder><digform><digtinfo><transize Sync="TRUE">29.170</transize><dssize Sync="TRUE">29.170</dssize></digtinfo></digform></stdorder><distliab>This GIS data was developed by the National Renewable Energy Laboratory ("NREL"), which is operated by the Alliance for Sustainable Energy, LLC for the U.S. Department of Energy ("DOE"). The user is granted the right, without any fee or cost, to use, copy, modify, alter, enhance and distribute this data for any purpose whatsoever, provided that this entire notice appears in all copies of the data. Further, the user of this data agrees to credit NREL in any publications or software that incorporate or use the data. 

Access to and use of the GIS data shall further impose the following obligations on the User. The names DOE/NREL may not be used in any advertising or publicity to endorse or promote any product or commercial entity using or incorporating the GIS data unless specific written authorization is obtained from DOE/NREL. The User also understands that DOE/NREL shall not be obligated to provide updates, support, consulting, training or assistance of any kind whatsoever with regard to the use of the GIS data. 

THE GIS DATA IS PROVIDED "AS IS" AND ANY EXPRESS OR IMPLIED WARRANTIES, INCLUDING BUT NOT LIMITED TO, THE IMPLIED WARRANTIES OF MERCHANTABILITY AND FITNESS FOR A PARTICULAR PURPOSE ARE DISCLAIMED. IN NO EVENT SHALL DOE/NREL BE LIABLE FOR ANY SPECIAL, INDIRECT OR CONSEQUENTIAL DAMAGES OR ANY DAMAGES WHATSOEVER, INCLUDING BUT NOT LIMITED TO CLAIMS ASSOCIATED WITH THE LOSS OF DATA OR PROFITS, WHICH MAY RESULT FROM AN ACTION IN CONTRACT, NEGLIGENCE OR OTHER TORTIOUS CLAIM THAT ARISES OUT OF OR IN CONNECTION WITH THE ACCESS OR USE OF THE GIS DATA. 

The User acknowledges that access to the GIS data is subject to U.S. Export laws and regulations and any use or transfer of the GIS data must be authorized under those regulations. The User shall not use, distribute, transfer, or transmit GIS data or any products incorporating the GIS data except in compliance with U.S. export regulations. If requested by DOE/NREL, the User agrees to sign written assurances and other export-related documentation as may be required to comply with U.S. export regulations.</distliab></distinfo>
	<metainfo>
		<metd Sync="TRUE">20090225</metd>
		<metc>
			<cntinfo>
				<cntperp>
					<cntper>Pamela Gray-Hann</cntper>
					<cntorg>National Renewable Energy Labratory</cntorg>
				</cntperp>
				<cntaddr>
					<addrtype>mailing and physical address</addrtype>
					<address>1617 Cole Blvd.</address>
					<city>Golden</city>
					<state>Colorado</state>
					<postal>80401</postal>
					<country>USA</country>
				</cntaddr>
				<cntvoice>303-275-4626</cntvoice>
				<cntfax>303-275-4675</cntfax><cntemail>pamela.gray.hann@nrel.gov</cntemail></cntinfo>
		</metc>
		<metstdn Sync="TRUE">FGDC Content Standards for Digital Geospatial Metadata</metstdn>
		<metstdv Sync="TRUE">FGDC-STD-001-1998</metstdv>
		<langmeta Sync="TRUE">en</langmeta><mettc Sync="TRUE">local time</mettc><metextns><onlink Sync="TRUE">http://www.esri.com/metadata/esriprof80.html</onlink><metprof Sync="TRUE">ESRI Metadata Profile</metprof></metextns></metainfo>
	<Esri><MetaID>{37E93E59-27DA-4296-A218-5B69FF314ED0}</MetaID><CreaDate>20040119</CreaDate><CreaTime>11463300</CreaTime><SyncOnce>FALSE</SyncOnce><SyncDate>20090225</SyncDate><SyncTime>13241000</SyncTime><ModDate>20090225</ModDate><ModTime>13241000</ModTime></Esri><dataqual><lineage><procstep><procdesc Sync="TRUE">Metadata imported.</procdesc><srcused Sync="TRUE">C:\DOCUME~1\mmenand\LOCALS~1\Temp\xml416.tmp</srcused><date Sync="TRUE">20040119</date><time Sync="TRUE">11463300</time></procstep><procstep><procdesc Sync="TRUE">Dataset moved.</procdesc><srcused Sync="TRUE">C:\WindResourceMaps\ShapeFiles\pwr50_colorado\Colorado_50mWind</srcused><date Sync="TRUE">20040119</date><time Sync="TRUE">11565700</time></procstep><procstep><procdesc Sync="TRUE">Dataset moved.</procdesc><srcused Sync="TRUE">C:\MetaData\Colorado_50mWind</srcused><date Sync="TRUE">20040119</date><time Sync="TRUE">11570700</time></procstep><procstep><procdesc Sync="TRUE">Dataset moved.</procdesc><srcused Sync="TRUE">C:\MetaData\Wind\Colorado_50mWind</srcused><date Sync="TRUE">20040119</date><time Sync="TRUE">11571200</time></procstep><srcinfo><srctime><timeinfo><sngdate><caldate>December 2003</caldate></sngdate></timeinfo><srccurr>publication date</srccurr></srctime></srcinfo></lineage></dataqual><dataIdInfo><envirDesc Sync="TRUE">Microsoft Windows XP Version 5.1 (Build 2600) Service Pack 3; ESRI ArcCatalog 9.3.0.1770</envirDesc><dataLang><languageCode Sync="TRUE" value="en"></languageCode></dataLang><idCitation><resTitle Sync="TRUE">Colorado_50mWind</resTitle><presForm><PresFormCd Sync="TRUE" value="005"></PresFormCd></presForm></idCitation><spatRpType><SpatRepTypCd Sync="TRUE" value="001"></SpatRepTypCd></spatRpType><dataExt><geoEle><GeoBndBox esriExtentType="native"><westBL Sync="TRUE">-109.060257</westBL><eastBL Sync="TRUE">-102.041486</eastBL><northBL Sync="TRUE">41.003445</northBL><southBL Sync="TRUE">36.992427</southBL><exTypeCode Sync="TRUE">1</exTypeCode></GeoBndBox></geoEle></dataExt><geoBox esriExtentType="decdegrees"><westBL Sync="TRUE">-109.060257</westBL><eastBL Sync="TRUE">-102.041486</eastBL><northBL Sync="TRUE">41.003445</northBL><southBL Sync="TRUE">36.992427</southBL><exTypeCode Sync="TRUE">1</exTypeCode></geoBox></dataIdInfo><mdLang><languageCode Sync="TRUE" value="en"></languageCode></mdLang><mdStanName Sync="TRUE">ISO 19115 Geographic Information - Metadata</mdStanName><mdStanVer Sync="TRUE">DIS_ESRI1.0</mdStanVer><mdChar><CharSetCd Sync="TRUE" value="004"></CharSetCd></mdChar><mdHrLv><ScopeCd Sync="TRUE" value="005"></ScopeCd></mdHrLv><mdHrLvName Sync="TRUE">dataset</mdHrLvName><distInfo><distributor><distorTran><onLineSrc><orDesc Sync="TRUE">002</orDesc><linkage Sync="TRUE">file://\\PGRAY-12799S\C$\Documents and Settings\PGray\Desktop\GISdatazipfiles\Wind_Data\extracted_wind\Colorado_50mWind.shp</linkage><protocol Sync="TRUE">Local Area Network</protocol></onLineSrc><transSize Sync="TRUE">29.170</transSize></distorTran><distorFormat><formatName Sync="TRUE">Shapefile</formatName></distorFormat></distributor></distInfo><spref><horizsys><cordsysn><geogcsn Sync="TRUE">GCS_WGS_1984</geogcsn></cordsysn><geograph><geogunit Sync="TRUE">Decimal degrees</geogunit><latres Sync="TRUE">0.000000</latres><longres Sync="TRUE">0.000000</longres></geograph><geodetic><horizdn Sync="TRUE">D_WGS_1984</horizdn><ellips Sync="TRUE">WGS_1984</ellips><semiaxis Sync="TRUE">6378137.000000</semiaxis><denflat Sync="TRUE">298.257224</denflat></geodetic></horizsys></spref><refSysInfo><RefSystem><refSysID><identCode Sync="TRUE">GCS_WGS_1984</identCode></refSysID></RefSystem></refSysInfo><spatRepInfo><VectSpatRep><topLvl><TopoLevCd Sync="TRUE" value="001"></TopoLevCd></topLvl><geometObjs Name="Colorado_50mWind"><geoObjTyp><GeoObjTypCd Sync="TRUE" value="001"></GeoObjTypCd></geoObjTyp><geoObjCnt Sync="TRUE">159846</geoObjCnt></geometObjs></VectSpatRep></spatRepInfo><eainfo><detailed Name="Colorado_50mWind"><enttyp><enttypl Sync="TRUE">Colorado_50mWind</enttypl><enttypt Sync="TRUE">Feature Class</enttypt><enttypc Sync="TRUE">159846</enttypc></enttyp><attr><attrlabl Sync="TRUE">FID</attrlabl><attalias Sync="TRUE">FID</attalias><attrtype Sync="TRUE">OID</attrtype><attwidth Sync="TRUE">4</attwidth><atprecis Sync="TRUE">0</atprecis><attscale Sync="TRUE">0</attscale><attrdef Sync="TRUE">Internal feature number.</attrdef><attrdefs Sync="TRUE">ESRI</attrdefs><attrdomv><udom Sync="TRUE">Sequential unique whole numbers that are automatically generated.</udom></attrdomv></attr><attr><attrlabl Sync="TRUE">Shape</attrlabl><attalias Sync="TRUE">Shape</attalias><attrtype Sync="TRUE">Geometry</attrtype><attwidth Sync="TRUE">0</attwidth><atprecis Sync="TRUE">0</atprecis><attscale Sync="TRUE">0</attscale><attrdef Sync="TRUE">Feature geometry.</attrdef><attrdefs Sync="TRUE">ESRI</attrdefs><attrdomv><udom Sync="TRUE">Coordinates defining the features.</udom></attrdomv></attr><attr><attrlabl Sync="TRUE">ID</attrlabl><attalias Sync="TRUE">ID</attalias><attrtype Sync="TRUE">Number</attrtype><attwidth Sync="TRUE">10</attwidth></attr><attr><attrlabl Sync="TRUE">WPC</attrlabl><attalias Sync="TRUE">WPC</attalias><attrtype Sync="TRUE">Number</attrtype><attwidth Sync="TRUE">4</attwidth></attr></detailed><overview><dsoverv>Annual average wind resource potential of the state of Colorado at a 50 meter height.</dsoverv><eaover>Wind power class is an indicator of likely resource strength, with a higher wind power class representing higher wind resource levels.  The following classification information is for utility-scale applications at a 50 meter height.

Power   Resource   50 m Wind Power
Class    Potential    Density (W/m2)
1          Poor                0 - 200
2          Marginal       200 - 300
3          Fair              300 - 400
4          Good            400 - 500
5          Excellent       500 - 600
6          Outstanding  600 - 800
7          Superb             &gt; 800</eaover></overview></eainfo><mdDateSt Sync="TRUE">20090225</mdDateSt></metadata>
